model,method,sample_idx,img_path,y_true,faithfulness_correlation,max_sensitivity,y_pred,central_mass
resnet50,grad_cam,212,data\chest_xray\test\NORMAL\NORMAL2-IM-0286-0001.jpeg,0,0.3633992671966553,0.470926433801651,0,0.2718847990036011
resnet50,grad_cam,247,data\chest_xray\test\NORMAL\IM-0084-0001.jpeg,0,0.3560639321804046,0.5725176930427551,0,0.2743651270866394
resnet50,grad_cam,229,data\chest_xray\test\NORMAL\NORMAL2-IM-0374-0001-0001.jpeg,0,0.3307785391807556,0.5304424166679382,0,0.20513924956321716
resnet50,grad_cam,203,data\chest_xray\test\NORMAL\NORMAL2-IM-0310-0001.jpeg,0,0.3265025019645691,0.4789451956748962,0,0.26373055577278137
resnet50,grad_cam,20,data\chest_xray\test\NORMAL\NORMAL2-IM-0359-0001.jpeg,0,0.294272631406784,0.5458017587661743,0,0.27460503578186035
